{
    "ktc_clutter_tray_": 0.9299062,
    "frl_apartment_plate_01_": 0.9453501,
    "frl_apartment_plate_01_small_": 0.942266,
    "frl_apartment_kitchen_utensil_06_": 0.985759,
    "frl_apartment_bowl_03_": 0.9852248,
    "frl_apartment_cup_02_": 0.9770807,
    "frl_apartment_bowl_07_small_": 0.9617809
}