{
    "frl_apartment_kitchen_utensil_06_": [
        0.050300482660532,
        0.06908390671014786,
        0.04966534301638603
    ],
    "frl_apartment_plate_01_": [
        0.12473490834236145,
        0.012938546016812325,
        0.1311548352241516
    ],
    "frl_apartment_bowl_03_": [
        0.09459500759840012,
        0.049828287214040756,
        0.09434189647436142
    ],
    "frl_apartment_plate_01_small_": [
        0.07484094798564911,
        0.010350837372243404,
        0.07869290560483932
    ],
    "frl_apartment_cup_02_": [
        0.07522537559270859,
        0.05535602197051048,
        0.053569287061691284
    ],
    "frl_apartment_bowl_07_small_": [
        0.08231706917285919,
        0.03374534845352173,
        0.08229999989271164
    ],
    "ktc_clutter_tray_": [
        0.10102526843547821,
        0.03253266587853432,
        0.13795192539691925
    ],
    "act": [
        0.0,
        0.0,
        0.0
    ],
    "ktc_dishwasher_:0000_joint_0":[
        0.295027, 0.788098, 0
    ],
    "ktc_dishwasher_:0000_joint_1":[
        0.295716, 0.737225, 0.0823619
    ],
    "ktc_dishwasher_:0000_joint_2":[
        0.228968, 0.0621309, 0.207344
    ],
    "ktc_dishwasher_:0000_joint_3":[
        0.228968, 0.0621309, 0.207344
    ]
}