{
    "feasible_orientations": {
        "facing down": [
            [
                -0.0168915,
                0.984458,
                -0.0030413,
                -0.1747789
            ],
            [
                -0.0172702,
                0.9994019,
                -0.0299314,
                0.0013066
            ],
            [
                0.0,
                1.0,
                0.0,
                0.0
            ]
        ],
        "facing right-90": [
            [
                0.6906211,
                0.0037901,
                -0.0638336,
                -0.7203841
            ]
        ],
        "facing left-90": [
            [
                0.7170157,
                0.001553,
                -0.0002091,
                0.6970552
            ]
        ],
        "facing front": [
            [
                0.5212707,
                0.5018715,
                0.4864889,
                0.4896224
            ],
            [
                0.5,
                0.5,
                0.5,
                0.5
            ]
        ],
        "facing back": [
            [
                0.7239879,
                -0.6897836,
                -0.0042613,
                0.0046674
            ],
            [
                0.5228357,
                -0.4656928,
                0.5313479,
                -0.4769091
            ]
        ]
    },
    "up_orient": [
        {
            "new_up": [
                [
                    -0.01189262158693066,
                    -0.9994108553543591,
                    -0.03219484045088868
                ],
                [
                    -0.05978186310046308,
                    -0.9976117031395428,
                    -0.0345979566341461
                ],
                [
                    0.0,
                    -1.0,
                    0.0
                ]
            ],
            "name": "facing down"
        },
        {
            "new_up": [
                [
                    0.9945411953940201,
                    -0.03793545019049941,
                    0.09720448694930647
                ]
            ],
            "name": "facing right-90"
        },
        {
            "new_up": [
                [
                    -0.9995997738185515,
                    0.028223144012855944,
                    0.0019355422832753259
                ]
            ],
            "name": "facing left-90"
        },
        {
            "new_up": [
                [
                    -0.022141773517567714,
                    0.016789460102624165,
                    0.9996138533928784
                ],
                [
                    0.0,
                    0.0,
                    1.0
                ]
            ],
            "name": "facing front"
        },
        {
            "new_up": [
                [
                    -0.0008795326854706435,
                    0.048353454078338076,
                    -0.9988299003839188
                ],
                [
                    0.00380043831216198,
                    0.11137566223769041,
                    -0.9937711097278646
                ]
            ],
            "name": "facing back"
        }
    ]
}